"","productSku","productName","itemRevenue","productListCTR","productListClicks","buyToDetailRate","brand_country"
"1","LF314100059204","Nike Air Force 1 Flyknit 2.0 - Men's Shoes",1677,1.10519852640196,27,2.30769230769231,"fl_uae"
"2","LF314100317404","Jordan Mars 270 - Men's Shoes",1618,2.11249009770267,80,3.57142857142857,"fl_uae"
"3","LF314100357004","Jordan Spizike - Men's Shoes",1818,3.02403721891962,234,1.17302052785924,"fl_uae"
"4","LF314100604504","Nike Air Force 1 '07 LV8 - Men's Shoes",2795,3.04794332472953,555,0.878734622144113,"fl_uae"
"5","LF314100795104","adidas Streetball - Men's Shoes",3633.5,5.42087542087542,161,0.669757856774858,"fl_uae"
"6","LF314100909804","Nike PG 3 - Men's Shoes",1461.6,4.17789757412399,31,2.75862068965517,"fl_uae"
"7","LF314101076504","Nike Air Force 1 React - Men's Shoes",2557.8,1.40054525044101,262,1.41129032258065,"fl_uae"
"8","LF314101114404","Air Jordan Dub Zero - Men's Shoes",1941.6,2.26739640344019,116,0.600600600600601,"fl_uae"
"9","LF314101488204","Nike Air Force 1 - Men's Shoes",3913,3.55392156862745,87,0.884955752212389,"fl_uae"
"10","LF314101538404","Air Jordan 4 Retro - Men's Shoes",11388,3.88716890264878,113,2.7027027027027,"fl_uae"
"11","LF314101581404","Air Jordan 1 Low - Men's Shoes",1677,4.40418323759022,299,0.214592274678112,"fl_uae"
"12","LF314101935204","Air Jordan 1 Low - Men's Shoes",3654,2.84759552520703,392,0.645855758880517,"fl_uae"
"13","LF314101948504","Air Jordan 1 Mid - Men's Shoes",3654,3.18225650916104,429,0.699300699300699,"fl_uae"
"14","LF314101949304","Air Jordan 1 Mid - Men's Shoes",6699,3.27272727272727,675,1.13052415210689,"fl_uae"
"15","LF314107837404","Air Jordan Max Aura 1 - Men's Shoes",3045,8.06900389538119,145,1.03950103950104,"fl_uae"
"16","LF314205256804","adidas NMD R1 - Men's Shoes",1772.5,1.81197692370196,223,1.70648464163823,"fl_uae"
"17","LF314205264204","adidas Ozweego - Men's Shoes",1781.5,2.82920740586644,136,1.21951219512195,"fl_uae"
"18","LF314205432504","Nike Air VaporMax Flyknit 3 - Men's Shoes",3706.5,8.02092414995641,92,4.8,"fl_uae"
"19","LF314205509004","adidas NMD R1 - Men's Shoes",1772.5,1.84002597683732,170,1.67224080267559,"fl_uae"
"20","LF314205522304","adidas NMD R1 - Men's Shoes",2481.5,2.96269202633504,162,1.20689655172414,"fl_uae"
"21","LF314205958904","adidas Ultraboost X Star Wars 19 - Men's Shoes",1818,4.8459186073865,206,0.778210116731518,"fl_uae"
"22","LF314206088404","adidas NMD R1 - Men's Shoes",3899.5,1.22666901998853,278,1.06589147286822,"fl_uae"
"23","LF314206196504","Nike Air VaporMax Flyknit - Men's Shoes",2647.5,2.30002793556197,247,1.23456790123457,"fl_uae"
"24","LF314206199904","Nike Air VaporMax Flyknit - Men's Shoes",3177,1.07053820208242,73,3.20855614973262,"fl_uae"
"25","LF314206201304","Nike Air Vapormax Flyknit - Men Shoes",1588.5,0,0,0,"fl_uae"
"26","LF314206285604","adidas Ultraboost 20 OG Paris - Men's Shoes",1546.2,1.57588739290086,103,1.93548387096774,"fl_uae"
"27","LF314206371404","Nike Air VaporMax Flyknit - Men's Shoes",1906.2,1.62297128589263,13,4.16666666666667,"fl_uae"
"28","LF314207714404","Nike Air Max 97 - Men's Shoes",4315.5,2.79385854517996,222,1.46579804560261,"fl_uae"
"29","LF314207732604","Nike Air VaporMax SE - Men's Shoes",1513.5,1.99409158050222,54,3.52941176470588,"fl_uae"
"30","LF314207783904","Nike React Element 55 - Men's Shoes",1772.5,2.02737827066366,117,0.974658869395711,"fl_uae"
"31","LF314208306804","New Balance Fresh Foam Hierro V5 - Men's Shoes",5317.5,2.83185840707965,80,1.06534090909091,"fl_uae"
"32","LF314209497404","New Balance 247 - Men's Shoes",2154,3.66038553173056,676,0.911161731207289,"fl_uae"
"33","LF314211606604","Nike Air Max 97 - Men Shoes",1918,0,0,0,"fl_uae"
"34","LF314213472104","Nike Air Max Plus - Men's Shoes",2272.5,1.8475933708667,233,1.07296137339056,"fl_uae"
"35","LF314213994404","adidas NMD R1 - Men Shoes",2187,0,0,0,"fl_uae"
"36","LF314312881304","Lacoste Carnaby Evo - Men's Shoes",2695,2.66995737042854,119,1.54320987654321,"fl_uae"
"37","LF315240230102","Nike Air Max Dia - Women's Shoes",2131.5,2.35158057054742,183,2.5830258302583,"fl_uae"
"38","LF315240251702","Nike Air Max Dia - Women's Shoes",1827,1.8860510805501,96,3.06122448979592,"fl_uae"
"39","LF315240629402","adidas NMD R1 - Women's Shoes",2067,2.06121945198716,167,1.86915887850467,"fl_uae"
"40","LF315240630202","adidas NMD R1 - Women's Shoes",1722.5,2.15131737974378,178,1.00603621730382,"fl_uae"
"41","LF315240744102","adidas NMD R1 - Women's Shoes",2836,2.86382232612507,98,3.08370044052863,"fl_uae"
"42","LF315241283902","Nike Air VaporMax Flyknit 3 - Women's Shoes",1588.5,1.12151836332265,91,2.4,"fl_uae"
"43","LF315241665702","New Balance 247 - Women's Shoes",1615.5,2.85617711678215,169,1.57618213660245,"fl_uae"
"44","LF315241912302","adidas Ultraboost 20 - Women's Shoes",1546.2,1.698670605613,115,0.795755968169761,"fl_uae"
"45","LF315246452502","Fila Disruptor 3 - Women Shoes",1641.5,0,0,0,"fl_uae"
"46","LF315345019202","adidas Continental 80 - Women Shoes",1647,0,0,0,"fl_uae"
"47","LF315345242002","Nike Air Force 1 07 - Women's Shoes",5929,5.10285440918514,320,1.22426265998887,"fl_uae"
"48","LF315345317002","Nike Air Force 1 Low - Women's Shoes",11858,6.14233907524932,271,2.20537560303239,"fl_uae"
"49","LF315345829402","Air Jordan 1 Mid - Women's Shoes",3654,4.65044179197024,300,0.729040097205346,"fl_uae"
"50","LF316701624104","adidas NMD R1 - Grade School Shoes",1677,4.52029520295203,98,0.225818592397441,"fl_uae"
"51","Q023740026","Eucalyptus & Spearmint 3-Wick Candle",37900,3.81935101974923,2839,7.81456953642384,"bbw_ksa"
"52","Q023839428","Rose Fine Fragrance Mist",33535,9.20720261407615,3973,5.85639791415965,"bbw_ksa"
"53","Q023907391","In the Stars Fine Fragrance Mist",19275,7.16083916083916,2560,5.19133788193414,"bbw_ksa"
"54","Q023918500","Love — Rose & Vanilla 3-Wick Candle",59070,5.7806475712742,4333,8.3816075307748,"bbw_ksa"
"55","Q023999313","Dark Kiss Foaming Soap",40065,9.22142462727775,1837,23.3947013920072,"bbw_ksa"
"56","Q024318402","Kitchen Lemon Gentle Foaming Hand Soap",19740,4.10784111957193,998,21.3703099510604,"bbw_ksa"
"57","Q024318406","French Lavender Gentle Foaming Hand Soap",35955,6.08015162167945,1989,19.4301543332014,"bbw_ksa"
"58","Q024318407","Japanese Cherry Blossom Gentle Foaming Hand Soap",30315,8.9714166492802,1290,22.9498164014688,"bbw_ksa"
"59","Q024319062","A Thousand Wishes 3-Wick Candle",89670,7.71938034375518,7918,7.14146910221531,"bbw_ksa"
"60","Q024319063","Beautiful Day 3-Wick Candle",21450,2.71055994831678,1930,7.02127659574468,"bbw_ksa"
"61","Q024319064","Dark Kiss 3-Wick Candle",132880,7.2237735048777,8175,9.44647318854507,"bbw_ksa"
"62","Q024319065","Hello Beautiful 3-Wick Candle",63090,7.69898845407173,4521,9.55162343239993,"bbw_ksa"
"63","Q024319066","Japanese Cherry Blossom 3-Wick Candle",127600,6.59231323200546,6957,10.2859628139611,"bbw_ksa"
"64","Q024319067","Sweet Pea 3-Wick Candle",27280,3.39785007719138,2377,7.56361101429069,"bbw_ksa"
"65","Q024319068","Warm Vanilla Sugar 3-Wick Candle",33990,3.97825817641229,2569,8.16516609748525,"bbw_ksa"
"66","Q024329434","Gingham Fine Fragrance Mist",20060,11.7918088737201,2764,5.55396507300315,"bbw_ksa"
"67","Q024339614","Vanilla Bean 3-Wick Candle",62920,7.82260602034752,4475,8.64310565830434,"bbw_ksa"
"68","Q024339616","Rose Water & Ivy 3-Wick Candle",62590,6.79692504804613,4244,9.22990863322767,"bbw_ksa"
"69","Q024340158","Dark Kiss Fine Fragrance Mist",24010,5.07398998878525,3710,4.71567267683773,"bbw_ksa"
"70","Q024362011","Mahogany Teakwood 3-Wick Candle",60720,7.53521863188873,5044,7.19838308457711,"bbw_ksa"
"71","Q024362012","Mahogany Teakwood High Intensity 3-Wick Candle",141460,10.1156178684453,8023,9.3979996225703,"bbw_ksa"
"72","Q024362013","Black Cherry Merlot 3-Wick Candle",45980,7.02488711107446,3407,8.39277223014741,"bbw_ksa"
"73","Q024362014","Eucalyptus Mint 3-Wick Candle",22770,2.77617119722383,1440,8.57787810383747,"bbw_ksa"
"74","Q024362015","Cactus Blossom 3-Wick Candle",72050,4.35380261443781,4846,8.38772845953003,"bbw_ksa"
"75","Q024362016","Bergamot Waters 3-Wick Candle",32450,5.15254822422647,2388,7.85899094437258,"bbw_ksa"
"76","Q024362017","Midnight Blue Citrus 3-Wick Candle",55440,7.81744688476932,3926,8.85533564578657,"bbw_ksa"
"77","Q024362019","Champagne Toast 3-Wick Candle",19470,5.26063936526558,3408,3.80698351115422,"bbw_ksa"
"78","Q024405398","Gingham 3-Wick Candle",33550,8.77120762151195,2983,6.77055346587856,"bbw_ksa"
"79","Q024473914","Rose Eau de Parfum",22990,4.28370786516854,244,4.94186046511628,"bbw_ksa"
"80","Q024508838","Rose 3-Wick Candle",108240,10.4474205924722,7325,9.00256300726186,"bbw_ksa"
"81","Q024510481","Into the Night Fine Fragrance Mist",36955,7.89232220628336,6107,3.68193811465579,"bbw_ksa"
"82","Q024510487","Into the Night Eau de Parfum",34960,4.37617985241119,255,4.63414634146341,"bbw_ksa"
"83","Q024601028","Mahogany Teakwood Gentle Foaming Hand Soap",33981,10.1150655606101,1134,24.2677824267782,"bbw_ksa"
"84","Q024606474","Black Cherry Merlot Gentle Foaming Hand Soap",25333,4.2481742305686,1303,22.0987654320988,"bbw_ksa"
"85","Q024606477","French Lavender Gentle Foaming Hand Soap",26367,6.9077142543619,1259,23.3438485804416,"bbw_ksa"
"86","Q024606487","French Lavender Creamy Luxe Hand Soap",22607,4.00506886317404,1201,22.50656167979,"bbw_ksa"
"87","Q024631264","Japanese Cherry Blossom Creamy Luxe Hand Soap",27448,5.19619536960577,1699,18.2766439909297,"bbw_ksa"
"88","Q024634049","Linen & Lavender 3-Wick Candle",69520,7.66052584510821,4283,10.383327130629,"bbw_ksa"
"89","Q024642550","Mahogany Teakwood Gentle Gel Hand Soap",25756,7.57325958623624,1424,17.9598480737927,"bbw_ksa"
"90","Q024645891","Rose Water & Ivy Gentle Foaming Hand Soap",25615,5.08838441510985,1114,26.4433357091946,"bbw_ksa"
"91","Q024652135","Rose Water & Ivy 3-Wick Candle",22880,3.40966439565985,2162,6.38729300439338,"bbw_ksa"
"92","Q024652140","White Gardenia 3-Wick Candle",21780,3.57072314276309,1627,8.52557673019057,"bbw_ksa"
"93","Q024652143","Fresh Cut Lilacs 3-Wick Candle",20900,3.42892268220328,1283,8.0166270783848,"bbw_ksa"
"94","Q024652144","Black Cherry Merlot 3-Wick Candle",18590,2.74610921816005,1491,7.40740740740741,"bbw_ksa"
"95","Q026018153","Black Chamomile & Bergamot Gentle Foaming Hand Soap",21855,6.03162317558602,1091,21.4337966349671,"bbw_ksa"
"96","Q026049924","Rose Water & Ivy Concentrated Room Spray",18858,12.8127369219105,1859,12.5050751116525,"bbw_ksa"
"97","Q026054703","Perfect Peony 3-Wick Candle",63470,6.77615235992272,5401,7.4522871857013,"bbw_ksa"
"98","Q026079910","Paris Café 3-Wick Candle",28820,5.31162268388546,1892,9.33950357593605,"bbw_ksa"
"99","Q026125149","Mahogany Teakwood High Intensity 3-Wick Candle",51859,3.32296274083514,3546,1.18606935106142,"bbw_ksa"
"100","Q026131606","A Thousand Wishes 3-Wick Candle",64790,9.57591134133235,5435,7.60286225402504,"bbw_ksa"
"101","11140708","Fashion Show Fragrance Mist",6275,200,16,4.74406991260924,"vs_uae"
"102","11144987","TEASE REBEL MEDIUM BOX",5425,0,0,10.7142857142857,"vs_uae"
"103","11150592","Total Remix Fragrance Lotion",6550,5.30973451327434,18,45.0331125827815,"vs_uae"
"104","11150594","Wonder Garden Fragrance Lotion",3950,10.6060606060606,7,28.0701754385965,"vs_uae"
"105","11150596","Fragrance Lotion",2075,33.3333333333333,1,21.25,"vs_uae"
"106","11153942","In Bloom Fragrance Lotion",12960,3.32225913621263,10,50.561797752809,"vs_uae"
"107","11156534","Bombshell Intense Travel Fragrance Mist",2050,350,7,17.2268907563025,"vs_uae"
"108","1116073954A2","Stretch Cotton Hiphugger Panty",2500,20.6115515288788,364,4.58891013384321,"vs_uae"
"109","1116074554A2","Stretch Cotton Bikini Panty",2400,18.9580318379161,131,10,"vs_uae"
"110","SX22759229","Fragrance Lotion",1925,14.0401146131805,49,7.36842105263158,"vs_uae"
"111","SX23445589","Bombshell Fragrance Mist",3250,7.35444330949949,144,5,"vs_uae"
"112","SX23745844","Very Sexy Fragrance Mist",2080,20.5025125628141,204,2.90909090909091,"vs_uae"
"113","SX23893508","Holiday Shimmer Fragrance Mist",10080,18.9438700147711,513,8.38881491344874,"vs_uae"
"114","SX23893509","Holiday Shimmer Fragrance Mist",11070,22.5205981080256,738,7.73092369477912,"vs_uae"
"115","SX23893510","Holiday Shimmer Fragrance Mist",7020,13.6597055802807,399,8.54092526690392,"vs_uae"
"116","SX23893511","Holiday Shimmer Fragrance Mist",6300,13.0368098159509,340,8.47107438016529,"vs_uae"
"117","SX23893524","Holiday Shimmer Fragrance Lotion",6030,11.1046511627907,191,12.0622568093385,"vs_uae"
"118","SX23893525","Holiday Shimmer Fragrance Lotion",6570,11.0777318813368,295,9.86666666666667,"vs_uae"
"119","SX23893527","Holiday Shimmer Fragrance Lotion",5130,10.6562703053931,164,10.8490566037736,"vs_uae"
"120","SX23898322","Fragrance Mist",36180,13.515679791604,1349,11.6639027086788,"vs_uae"
"121","SX23898323","Fragrance Mist",18810,10.4446919715534,1219,7.93237971391417,"vs_uae"
"122","SX23898324","Fragrance Mist",14760,13.8134381701215,773,10.7421875,"vs_uae"
"123","SX23898325","Fragrance Mist",29070,8.24988355845366,1417,8.31946755407654,"vs_uae"
"124","SX23898328","Fragrance Mist",8730,4.14201183431953,742,7.06401766004415,"vs_uae"
"125","SX23898329","Fragrance Mist",22950,5.15625846287169,952,12.8367670364501,"vs_uae"
"126","SX23898330","Fragrance Lotion",7830,7.04517198508081,340,13.3484162895928,"vs_uae"
"127","SX23898331","Fragrance Lotion",9360,5.04032258064516,425,8.95522388059701,"vs_uae"
"128","SX23898332","Fragrance Lotion",2610,4.03919216156769,202,8.21428571428571,"vs_uae"
"129","SX23898333","Fragrance Lotion",4320,5.70017953321364,254,10.4294478527607,"vs_uae"
"130","SX23898337","Fragrance Lotion",4500,5.82437275985663,195,14.9019607843137,"vs_uae"
"131","SX23981778","Fragrance Mist",22590,19.5736793327155,1056,12.3065585851142,"vs_uae"
"132","SX23981779","Fragrance Mist",10800,27.5435637998876,490,15.0525087514586,"vs_uae"
"133","SX23981780","Fragrance Lotion",3240,4.07627312171729,357,7.36342042755344,"vs_uae"
"134","SX23985122","Tease Rebel Eau de Parfum",3250,17.4257425742574,88,12.1951219512195,"vs_uae"
"135","SX23996722","Fragrance Mist",17100,22.3809523809524,517,16.6666666666667,"vs_uae"
"136","SX23996723","Fragrance Lotion",5040,8.47360912981455,297,13.2768361581921,"vs_uae"
"137","SX23996724","Fragrance Mist",11880,21.985513421389,516,14.8148148148148,"vs_uae"
"138","SX24320981","MIST",4525,17.8929765886288,214,13.4375,"vs_uae"
"139","SX24320984","BODY LOTION",2450,6.80061823802164,88,14.3835616438356,"vs_uae"
"140","SX24415847","Very Sexy Night Travel Fragrance Mist",1950,23.1111111111111,104,14.6788990825688,"vs_uae"
"141","SX24453539","Total Remix Fragrance Mist",6225,13.5664335664336,194,17.3285198555957,"vs_uae"
"142","SX24453540","Total Remix Fragrance Mist",6050,15.7509157509158,172,17.0731707317073,"vs_uae"
"143","SX24453541","Total Remix Fragrance Mist",5975,19.7183098591549,280,15.0617283950617,"vs_uae"
"144","SX24453542","Total Remix Fragrance Mist",5600,15.3138075313808,183,17.1328671328671,"vs_uae"
"145","SX24453547","Wonder Garden Fragrance Mist",4950,22.136563876652,201,10.6666666666667,"vs_uae"
"146","SX24481929","In Bloom Fragrance Mist",10260,15.7176470588235,334,6.41025641025641,"vs_uae"
"147","SX24481930","In Bloom Fragrance Mist",11070,30.2786709539121,565,8.38709677419355,"vs_uae"
"148","SX24481931","In Bloom Fragrance Mist",6930,13.6922176711527,234,9.84126984126984,"vs_uae"
"149","SX24481932","In Bloom Fragrance Mist",7740,19.041769041769,310,8.95883777239709,"vs_uae"
"150","SX24569507","Fresh Oasis Fragrance Mist",7470,14.2819078070877,536,5.58139534883721,"vs_uae"
"151","0253757023","Waffled double bedspread",1000,0.701845593969327,27,11.6279069767442,"hm_uae"
"152","0509193022","Velvet bedspread",800,0.742767787333855,38,4.44444444444444,"hm_uae"
"153","0564309048","3-pack trunks",826,4.26356589147287,11,19.4444444444444,"hm_uae"
"154","0596877016","MAMA 2-pack sleep nursing bras",1043,5.09259259259259,33,14.5833333333333,"hm_uae"
"155","0608689001","Bamboo pendant light",798,2.05635948210206,27,2.17391304347826,"hm_uae"
"156","0686564027","Cotton shirt Regular Fit",730,2.35621991385863,93,5.75539568345324,"hm_uae"
"157","0709450001","Tall wooden lamp base",1345,1.84615384615385,18,12.5,"hm_uae"
"158","0753611001","Glass soap dispenser",2925,1.04384133611691,5,8.33333333333333,"hm_uae"
"159","0759396001","Plant stand with rattan sides",1598,1.93081255028158,48,1.40845070422535,"hm_uae"
"160","0767157001","Patterned duvet cover set",880,5.45177277926039,715,1.38004246284501,"hm_uae"
"161","0770739001","Table lamp with fringing",1596,1.46804835924007,17,12.5,"hm_uae"
"162","0771357001","Metal floor lamp",799,0.936524453694069,9,8.33333333333333,"hm_uae"
"163","0796454005","MAMA 2-pack nursing bras",894,6.71441360787825,75,5.66037735849057,"hm_uae"
"164","0797432001","Leather biker jacket",1100,1.9534184823441,26,3.07692307692308,"hm_uae"
"165","0801962004","Cotton dress",1305,4.60204535349044,207,13.1901840490798,"hm_uae"
"166","0802335001","Cotton duvet cover set",1050,1.92465192465192,94,4.72972972972973,"hm_uae"
"167","0803407006","Cushion cover with tassels",745,1.43163922691482,20,9.09090909090909,"hm_uae"
"168","0805982001","Textured-weave wool-blend rug",1500,1.02791878172589,81,1.75438596491228,"hm_uae"
"169","0806482001","2-piece set",1030,9.80059397539245,231,4.79233226837061,"hm_uae"
"170","0814307010","5-pack cotton trousers",834,3.48837209302326,12,30,"hm_uae"
"171","0816521001","Paper bag trousers",1700,9.23005565862709,199,8.203125,"hm_uae"
"172","0816563003","Wide trousers",940,2.62570791144671,153,3.90070921985816,"hm_uae"
"173","0817353009","Puff-sleeved dress",1450,1.65868113683157,862,1.57687253613666,"hm_uae"
"174","0817361007","Lyocell-blend dress",720,3.00230946882217,169,3.3195020746888,"hm_uae"
"175","0817472003","Shorts High Waist",795,2.46447202734305,137,6.43564356435644,"hm_uae"
"176","0821679003","Cotton percale duvet cover set",1250,2.90184203885945,115,2.80898876404494,"hm_uae"
"177","0827318001","5-pack cotton bodysuits",720,2.708192281652,40,10.2272727272727,"hm_uae"
"178","0827967001","Handmade wall tidy",1215,5.61599529550132,191,11.2676056338028,"hm_uae"
"179","0829400001","Broderie anglaise dress",700,2.81169071402146,76,15.3846153846154,"hm_uae"
"180","0844079001","Round tray table",1796,2.96296296296296,84,1.65289256198347,"hm_uae"
"181","0848989001","3-pack denim joggers",800,5.66502463054187,69,7.07964601769912,"hm_uae"
"182","0852374004","Calf-length dress",1430,5.79639551875304,238,5.47619047619048,"hm_uae"
"183","0855823005","Bodycon dress",920,3.35446921660871,164,7.05128205128205,"hm_uae"
"184","0861479002","3-pack cutlery",1440,2.0583578375933,91,5.88235294117647,"hm_uae"
"185","0862167004","Crinkled cotton dress",740,2.47502270663034,109,5.48780487804878,"hm_uae"
"186","0863767001","Long silk-blend dress",750,0.803858520900322,40,1.96078431372549,"hm_uae"
"187","0869225001","Nylon parka",770,1.02402520677432,52,8.57142857142857,"hm_uae"
"188","0875803001","Broderie anglaise skirt",1780,3.41510341510342,213,1.41987829614604,"hm_uae"
"189","0877319001","Rattan-door cabinet",2998,8.40064620355412,52,1.70940170940171,"hm_uae"
"190","0878013001","Button-front dress",1675,3.88888888888889,147,2.36336779911374,"hm_uae"
"191","0894098001","Sleeveless wool-blend coat",2097,4.57933972310969,43,5.45454545454545,"hm_uae"
"192","0898045002","2-pack sweatpants",1014,2.54901960784314,13,30,"hm_uae"
"193","0904235001","Bow-detail wrap dress",1345,1.23350545037292,43,8.62068965517241,"hm_uae"
"194","0904236001","Long tulle dress",1047,2.85145888594164,86,2.11267605633803,"hm_uae"
"195","0904247001","Printed T-shirt",765,5.12640449438202,73,6.66666666666667,"hm_uae"
"196","0908728001","Puff-sleeved chiffon dress",2190,10.4430379746835,66,4.65116279069767,"hm_uae"
"197","0909370001","Jacquard-weave dress",1287,7.7116935483871,153,4.76190476190476,"hm_uae"
"198","0912129001","Knitted wool-blend cardigan",798,1.9047619047619,2,33.3333333333333,"hm_uae"
"199","0923128001","Lace dress",807,1.21974830590513,63,3.03030303030303,"hm_uae"
"200","0928088001","Slim Straight High Jeans",796,4.739336492891,10,23.5294117647059,"hm_uae"
"201","KA025","White Sleepsuits - 3 Pack",1680,2.46420246420246,148,5.60747663551402,"mc_ksa"
"202","KA038","My First Sleeveless Bodysuits - 3 Pack",2340,2.34136880022167,169,10.7023411371237,"mc_ksa"
"203","M-KB492   3 777","mothercare lulworth cot bed - grey",2000,2.04024594745668,73,0.78740157480315,"mc_ksa"
"204","M-KD792 777 777","mothercare marlow three drawer changing unit - cream",1800,4.30711610486891,69,1.63934426229508,"mc_ksa"
"205","M-NA490 777 777","mothercare amble stroller - grey",2240,10.4081632653061,204,1.08991825613079,"mc_ksa"
"206","M-NE043 777 777","Little Acorns winchester cot bed - white",4050,3.7519541427827,72,1.77514792899408,"mc_ksa"
"207","M-RA095 777 777","mothercare 4-wheel journey chrome travel system - petrol blue",2100,0.835866261398176,11,5.55555555555556,"mc_ksa"
"208","M-RA698 777 777777","mothercare highchair - eat clean repeat",2240,9.53791469194313,161,3.6036036036036,"mc_ksa"
"209","M-UA309 777 777","Mothercare Harrogate Cot Bed",1875,2.80487804878049,115,0.476190476190476,"mc_ksa"
"210","M0MED030-0048","Medela Swing Single Breast Pump",1610,7.30478589420655,58,2.1505376344086,"mc_ksa"
"211","MD518000830","Cybex Solution Z-Fix Cashmere Beige",3900,2.22672064777328,11,7.69230769230769,"mc_ksa"
"212","MD520000511","Cybex - sirona s i-size granite black",2500,1.55038759689922,4,20,"mc_ksa"
"213","MMS1201FENBZ000","Joie - Chrome Deluxe Master Multi-Tasker - Navy Blazer",1750,10.2564102564103,4,11.1111111111111,"mc_ksa"
"214","MMS1706AACOL000","Joie - Stroller Tourist With Adapters Coal",2100,2.64550264550265,45,2.10526315789474,"mc_ksa"
"215","MNSX2124LNEU","Silver Cross - horizon city linen",2240,1.75395858708892,72,1.94174757281553,"mc_ksa"
"216","MNSX2125.PLEU","HORIZON GO -PLATINUM",2720,1.59640808181591,64,1.98019801980198,"mc_ksa"
"217","MQPA126  BOX","Philips Avent Combined Steamer and Blender",13496,7.66216804527645,176,6.35451505016722,"mc_ksa"
"218","MQPA185","Philips Avent ELECTRIC STERILISER 2 IN 1",1655,3.84752404702529,108,2.92397660818713,"mc_ksa"
"219","MQPA186","Philips Avent Electric Steriliser 3 In 1",4098,3.37472142629736,106,5.66037735849057,"mc_ksa"
"220","MQPA430","Philips Avent Comfort Manual breast pump",1734,1.8910741301059,50,10.7142857142857,"mc_ksa"
"221","MQPA433","Philips Avent ULTRA COMFORT SINGLE ELECTRIC BREAST PUMP",4164,1.37852740836847,170,2.5,"mc_ksa"
"222","MQPA458","Philips Avent - Natural Baby Bottle",2025,5.70127504553734,313,5.41666666666667,"mc_ksa"
"223","MX8025243110","MAXI COSI -  AXISSFIX PLUS NOMAD BLUE",3100,1.36798905608755,10,5.88235294117647,"mc_ksa"
"224","QK304185","Skip Hop - Silver Lining Cloud 2 In 1 Activity Floor Seat",1915,7.10382513661202,39,1.09090909090909,"mc_ksa"
"225","QKBZ10101-02-A","BABYZEN YOYO+ Frame Black",4040,5.32971996386631,59,1.44927536231884,"mc_ksa"
"226","QL506401","Stokke® Xplory® Chassis Black",4000,1.20865139949109,19,5.71428571428571,"mc_ksa"
"227","QL539501","Stokke - beat black melange",2599,1.22010736944851,25,2.77777777777778,"mc_ksa"
"228","VB437","Jogger Jeans - Dark Wash",1600,4.88524169765355,381,7.08955223880597,"mc_ksa"
"229","VD003","Grey Awesome Vehicle Pyjamas",3850,5.26019690576653,374,11.1650485436893,"mc_ksa"
"230","VD006","Cool Kids Never Sleep Star Pyjamas",3410,3.79123584441162,308,12.5786163522013,"mc_ksa"
"231","VD008","Grey And Orange Happy Tiger Pyjamas",4345,4.41360340085021,353,15.0763358778626,"mc_ksa"
"232","VD010","Blue Football Net Pyjamas",3025,3.17193319716448,264,11.8834080717489,"mc_ksa"
"233","VD011","Fire Engine Pyjamas",3905,3.99203933505034,341,13.5188866799205,"mc_ksa"
"234","VD015","Grey Neon Star Pyjamas",2585,4.45956160241875,295,10.2739726027397,"mc_ksa"
"235","VD022","Pink Cuddle Star Pyjamas",4290,6.14621771217712,533,9.375,"mc_ksa"
"236","VD023","Red Heart Love And Kisses Pyjamas",2035,5.46403075233388,199,4.43645083932854,"mc_ksa"
"237","VD024","Turquoise Glitter Unicorn Pyjamas",1815,2.86278381046397,232,3.36134453781513,"mc_ksa"
"238","VD026","Pink Cherry Cupcake Shortie Pyjamas",1610,6.02409638554217,310,8.25688073394496,"mc_ksa"
"239","VD031","Stripe Good Night And Cloud Dream Big Pyjamas - 2 Pack",1875,2.16171116504854,285,4.01069518716578,"mc_ksa"
"240","VD039","Super Cool And Stripe Pyjamas - 2 Pack",2375,3.45898630523789,245,6.0126582278481,"mc_ksa"
"241","VD049","Pink Unicorn And Navy Star Pyjamas - 2 Pack",4000,3.99840595111583,301,6.78336980306346,"mc_ksa"
"242","VD050","Neon Bunny And Spot Pyjamas - 2 Pack",2375,4.61614012113276,282,3.95348837209302,"mc_ksa"
"243","VD051","Summer Garden Bumble Bee Pyjamas - 2 Pack",1875,4.2578532082775,286,3.62694300518135,"mc_ksa"
"244","VD074","Safari Animal Shortie Pyjamas - 2 Pack",4800,5.09653435663749,425,10.0961538461538,"mc_ksa"
"245","VD077","Cat Face And Heart Shortie Pyjamas - 2 Pack",1650,3.58565737051793,207,7.74907749077491,"mc_ksa"
"246","VD744","Mothercare Sleepsuits - 3 Pack",4200,8.41550103187342,1101,2.83018867924528,"mc_ksa"
"247","VG134","Shirt And Shorts Set",2497.5,2.80257743963978,361,5.34653465346535,"mc_ksa"
"248","VH337","butterfly sleepsuits - 3 pack",1600,4.30833117051648,498,2.37741456166419,"mc_ksa"
