"","productSku","productName","itemRevenue","productListCTR","productListClicks","buyToDetailRate","brand_country"
"1","LF314100183004","Nike Air Force 1 '07 LV8 3 - Men's Shoes",5478.2,3.10716550412175,343,2.69814502529511,"fl_uae"
"2","LF314100315804","Jordan Mars 270 - Men's Shoes",4045,1.50209726788346,265,1.97183098591549,"fl_uae"
"3","LF314100438804","Air Jordan 1 Mid - Men's Shoes",6090,2.83736238792419,250,2.84900284900285,"fl_uae"
"4","LF314100443804","Air Jordan 12 Retro - Men's Shoes",4929.75,3.53216501578317,649,0.232198142414861,"fl_uae"
"5","LF314100493304","Air Jordan 1 Mid - Men's Shoes",18879,12.6563092080333,334,3.15091210613599,"fl_uae"
"6","LF314100604504","Nike Air Force 1 '07 LV8 - Men's Shoes",4192.5,3.6557214867857,776,0.847457627118644,"fl_uae"
"7","LF314100615104","Nike Air Force 1 '07 LV8 - Men's Shoes",6819.8,5.94868442555973,364,2.73141122913505,"fl_uae"
"8","LF314100640904","Nike Kyrie 5 x Bandulu - Men's Shoes",11769.4,3.91391496993354,371,1.60142348754448,"fl_uae"
"9","LF314100644104","Nike Kyrie 5 - Men's Shoes",4679.4,3.72677717209923,335,1.6359918200409,"fl_uae"
"10","LF314101114404","Air Jordan Dub Zero - Men's Shoes",6310.2,2.83967391304348,418,1.6304347826087,"fl_uae"
"11","LF314101129204","Jordan Max Aura - Men's Shoes",4628.4,3.20299855183576,376,1.68067226890756,"fl_uae"
"12","LF314101130004","Jordan Max Aura - Men's Shoes",5237.4,2.45064669843431,540,1.71606864274571,"fl_uae"
"13","LF314101488204","Nike Air Force 1 - Men's Shoes",6288.75,3.27335569787537,322,2.13414634146341,"fl_uae"
"14","LF314101576404","Air Jordan 1 Low - Men's Shoes",8944,6.94340189160787,925,1.00806451612903,"fl_uae"
"15","LF314101581404","Air Jordan 1 Low - Men's Shoes",3913,5.39124359571495,926,0.51622418879056,"fl_uae"
"16","LF314101934504","Air Jordan 1 Low - Men's Shoes",6708,7.94194005192353,673,1.21212121212121,"fl_uae"
"17","LF314101936004","Air Jordan 1 Mid - Men's Shoes",9744,8.96935096153846,597,1.82440136830103,"fl_uae"
"18","LF314205256804","adidas NMD R1 - Men's Shoes",6735.5,1.11139829413285,301,3.31632653061224,"fl_uae"
"19","LF314205432504","Nike Air VaporMax Flyknit 3 - Men's Shoes",4236,10.0955546323224,243,2.24719101123596,"fl_uae"
"20","LF314205509004","adidas NMD R1 - Men's Shoes",5104.8,1.47375504710633,219,2.38095238095238,"fl_uae"
"21","LF314205693204","adidas Yeezy Boost 350 V2 - Men's/Women's Shoes",3996,35.7894736842105,34,4.12371134020619,"fl_uae"
"22","LF314206081904","adidas NMD R1 - Men's Shoes",4324.9,1.4036953957866,607,0.935828877005348,"fl_uae"
"23","LF314206088404","adidas NMD R1 - Men's Shoes",6026.5,1.33764666615317,521,1.3953488372093,"fl_uae"
"24","LF314206133804","adidas NMD R1 - Men's Shoes",4679.4,1.61203973588722,271,2.51396648044693,"fl_uae"
"25","LF314206401904","Nike Air Max 90 - Men's Shoes",6072,1.48671403343053,362,2.81124497991968,"fl_uae"
"26","LF314206725104","adidas NMD R1 V2 - Men's Shoes",4537.6,2.55471110704148,279,1.97530864197531,"fl_uae"
"27","LF314207655904","adidas Original NMD R1 Berlin - Men's Shoes",4134,1.99384755611257,175,2.98507462686567,"fl_uae"
"28","LF314207665804","adidas NMD R1 Tokyo - Men's Shoes",9714.9,1.92488704819277,409,3.42960288808664,"fl_uae"
"29","LF314207714404","Nike Air Max 97 - Men's Shoes",5178.6,2.38234008451115,327,1.70777988614801,"fl_uae"
"30","LF314207783904","Nike React Element 55 - Men's Shoes",3970.4,1.52234806966265,250,2.11081794195251,"fl_uae"
"31","LF314211606604","Nike Air Max 97 - Men Shoes",4795,0,0,0,"fl_uae"
"32","LF315240255802","Nike Air Max 270 React - Women's Shoes",3640.5,1.72009382329945,132,2.03045685279188,"fl_uae"
"33","LF315240339002","adidas Yeezy Boost 350 V2 - Men's/Women's Shoes",11988,33.8235294117647,23,11.5789473684211,"fl_uae"
"34","LF315240629402","adidas NMD R1 - Women's Shoes",6545.5,1.92562698183915,334,2.53164556962025,"fl_uae"
"35","LF315241139302","Nike Air Max 270 React - Women's Shoes",4206.8,2.63406940063091,334,1.37614678899083,"fl_uae"
"36","LF315345054902","Nike Air Force 1 Shadow - Women's Shoes",4192.5,3.88847211802951,311,1.77514792899408,"fl_uae"
"37","LF315345242002","Nike Air Force 1 07 - Women's Shoes",4851,3.77039395145245,379,1.91637630662021,"fl_uae"
"38","LF315345595102","Jordan 1 Low - Women's Shoes",5090,20.1716738197425,47,5.45454545454545,"fl_uae"
"39","LF315345697502","Air Jordan 1 High OG - Women's Shoes",17227,27.2373540856031,70,12.1693121693122,"fl_uae"
"40","LF315345819502","AirJordan 1 High OG - Women's Shoes",22011,26.6500622665006,214,4.17362270450751,"fl_uae"
"41","LF316700562404","Nike Air Force 1 3D - Grade School Shoes",8812.8,3.49932705248991,104,7.76699029126214,"fl_uae"
"42","LF316700793504","Nike More Uptempo - Grade School Shoes",4192.5,2.4390243902439,69,6.03448275862069,"fl_uae"
"43","LF316700826304","Nike Air Force 1 - Grade School Shoes",4222.8,2.64944164659514,121,4.47761194029851,"fl_uae"
"44","LF316700829704","Nike Air Force 1 Mini Swoosh - Grade School Shoes",16524,3.34825773797937,344,6.69371196754564,"fl_uae"
"45","LF316701217404","Air Jordan 1 Mid - Grade School Shoes",7344,9.89304812834225,222,2.24525043177893,"fl_uae"
"46","LF316701316404","Air Jordan 4 - Grade School Shoes",9217,4.38738374443995,217,2.44565217391304,"fl_uae"
"47","LF317135296550","Nike LeBron James Los Angeles Lakers City Edition Swingman - Men's Jersey",4784.6,2.71572492334647,124,2.67175572519084,"fl_uae"
"48","LF317135457620","Nike NBA Stephen Curry Golden State Warriors Swingman Road - Men's Jersey",19386,1.45385587863464,23,12.5,"fl_uae"
"49","LF317135466090","Nike LeBron James StateMen'st Edition Swingman (LA Lakers) - Men's Jersey",7192.2,3.69747899159664,66,7.64331210191083,"fl_uae"
"50","LF317140581350","Nike NBA LA Lakers LeBron Swingman Road - Men Jerseys/Replicas",5815.8,0,0,0,"fl_uae"
"51","Q022901855","Japanese Cherry Blossom Fine Fragrance Mist",282601,7.07610764399843,41306,10.832591882828,"bbw_ksa"
"52","Q022901857","Moonlight Path Fine Fragrance Mist",68204,4.30738188471469,12595,12.172120909318,"bbw_ksa"
"53","Q022901858","Warm Vanilla Sugar Fine Fragrance Mist",142191,5.89224641094432,23017,12.4829898104816,"bbw_ksa"
"54","Q022992659","Hello Beautiful Fine Fragrance Mist",85984,4.49115780411934,14712,12.2866712743899,"bbw_ksa"
"55","Q023185556","Magic in the Air Fine Fragrance Mist",81081,5.12423453227282,16016,11.4455484122346,"bbw_ksa"
"56","Q023189530","Sweet Pea Fine Fragrance Mist",85576,4.91420368741599,11845,12.4285008120895,"bbw_ksa"
"57","Q023740026","Eucalyptus & Spearmint 3-Wick Candle",140040,3.68174575572037,9104,8.69638069705094,"bbw_ksa"
"58","Q023839428","Rose Fine Fragrance Mist",154446,8.28578658488827,27505,8.56765094755399,"bbw_ksa"
"59","Q023878937","One in a Million Fine Fragrance Mist",87318,6.1785135216286,15433,11.5305808831062,"bbw_ksa"
"60","Q023907391","In the Stars Fine Fragrance Mist",190357,8.23020932342187,26583,9.91079419151823,"bbw_ksa"
"61","Q023918500","Love — Rose & Vanilla 3-Wick Candle",134110,5.51275674874866,10419,8.24843408044676,"bbw_ksa"
"62","Q023928909","Forever Red Fine Fragrance Mist",68448,3.91293558619097,15926,11.2988547070002,"bbw_ksa"
"63","Q024319062","A Thousand Wishes 3-Wick Candle",267760,7.79111636455565,22806,7.36497545008183,"bbw_ksa"
"64","Q024319063","Beautiful Day 3-Wick Candle",65530,2.72665425379547,6092,6.92658092175777,"bbw_ksa"
"65","Q024319064","Dark Kiss 3-Wick Candle",384890,9.25525138183847,23392,9.34836677167965,"bbw_ksa"
"66","Q024319065","Hello Beautiful 3-Wick Candle",163650,7.12635382949962,13232,8.13973799126638,"bbw_ksa"
"67","Q024319066","Japanese Cherry Blossom 3-Wick Candle",370740,7.94881983628705,20004,10.8959492888064,"bbw_ksa"
"68","Q024319067","Sweet Pea 3-Wick Candle",76900,3.59896081862043,6788,6.99729061137943,"bbw_ksa"
"69","Q024319068","Warm Vanilla Sugar 3-Wick Candle",125150,4.20716235584885,8307,8.94886363636364,"bbw_ksa"
"70","Q024329434","Gingham Fine Fragrance Mist",153293,9.89357617932604,28605,8.01585307990734,"bbw_ksa"
"71","Q024339614","Vanilla Bean 3-Wick Candle",198660,6.86774745233283,14577,8.27655534457724,"bbw_ksa"
"72","Q024339616","Rose Water & Ivy 3-Wick Candle",201910,6.25242479766144,16277,7.78835876008162,"bbw_ksa"
"73","Q024340158","Dark Kiss Fine Fragrance Mist",420644,9.00211781316182,57384,10.6245788354056,"bbw_ksa"
"74","Q024340160","Dark Kiss Body Lotion",79420,3.67883904655342,7595,8.42632182709354,"bbw_ksa"
"75","Q024362011","Mahogany Teakwood 3-Wick Candle",230590,7.10242897222938,20404,6.85050226511719,"bbw_ksa"
"76","Q024362012","Mahogany Teakwood High Intensity 3-Wick Candle",407250,9.176518248444,24917,8.33859569989475,"bbw_ksa"
"77","Q024362013","Black Cherry Merlot 3-Wick Candle",141270,6.03946501415932,12007,7.29045101942747,"bbw_ksa"
"78","Q024362014","Eucalyptus Mint 3-Wick Candle",77320,3.10868808722886,5628,7.76579773440699,"bbw_ksa"
"79","Q024362015","Cactus Blossom 3-Wick Candle",225590,5.45034122185048,15981,8.10140674020848,"bbw_ksa"
"80","Q024362016","Bergamot Waters 3-Wick Candle",100740,4.6037705885022,8117,7.73724025663124,"bbw_ksa"
"81","Q024362017","Midnight Blue Citrus 3-Wick Candle",182810,7.03469540134184,13096,8.32777339722205,"bbw_ksa"
"82","Q024362019","Champagne Toast 3-Wick Candle",65240,4.32773042045836,13530,3.26548182768587,"bbw_ksa"
"83","Q024405398","Gingham 3-Wick Candle",202400,7.88783939497217,19441,6.72223379870806,"bbw_ksa"
"84","Q024461691","Cactus Blossom Fine Fragrance Mist",137892,9.37136906719281,34198,10.2942204207142,"bbw_ksa"
"85","Q024471411","A Thousand Wishes Fine Fragrance Mist",83499,6.99854136880262,14538,8.12614717170032,"bbw_ksa"
"86","Q024480706","Midnight Peony Fine Fragrance Mist",80975,8.30544092599968,19603,10.809590278348,"bbw_ksa"
"87","Q024480707","White Jasmine Fine Fragrance Mist",86122,8.98410784166926,22200,11.3552709069494,"bbw_ksa"
"88","Q024508838","Rose 3-Wick Candle",335600,9.79860915367043,23291,8.87551581843191,"bbw_ksa"
"89","Q024510477","Into the Night Shower Gel",66250,5.14306530666313,7765,8.5068536151512,"bbw_ksa"
"90","Q024510481","Into the Night Fine Fragrance Mist",236237,12.1164277343887,34534,8.46952939596113,"bbw_ksa"
"91","Q024611008","Saltwater Breeze Fine Fragrance Mist",100993,4.62744332437217,17540,11.6360220104684,"bbw_ksa"
"92","Q024634049","Linen & Lavender 3-Wick Candle",268830,6.47184458044112,15757,10.8722171393718,"bbw_ksa"
"93","Q024644522","Perfect Peony Fine Fragrance Mist",171023,4.25806185481958,37161,9.97886376737334,"bbw_ksa"
"94","Q024652135","Rose Water & Ivy 3-Wick Candle",87710,2.89540459165558,10030,5.84919532717915,"bbw_ksa"
"95","Q024652140","White Gardenia 3-Wick Candle",79720,3.06092865462573,6018,8.32557520946935,"bbw_ksa"
"96","Q024652143","Fresh Cut Lilacs 3-Wick Candle",86360,3.3466244746407,6832,8.12456099274175,"bbw_ksa"
"97","Q026037650","Black Cherry Merlot Fine Fragrance Mist",67598,3.94571254172915,15708,10.6645423240993,"bbw_ksa"
"98","Q026054703","Perfect Peony 3-Wick Candle",203530,5.76864558762277,26730,4.85088034495149,"bbw_ksa"
"99","Q026079910","Paris Café 3-Wick Candle",94220,4.30472688522095,7352,7.69563805606667,"bbw_ksa"
"100","Q026131606","A Thousand Wishes 3-Wick Candle",213080,6.95186633958761,20971,6.45902277593926,"bbw_ksa"
"101","110859122ZUO","Cotton Shortie",4270,26.6060667960372,2605,3.60978520286396,"vs_uae"
"102","111191043Z2P","Everyday Lounge Classic Pant",5175,3.21447391533462,366,3.87205387205387,"vs_uae"
"103","111191044BOP","Everyday Lounge Classic Pant",9015,57.1936056838366,644,4.17972831765935,"vs_uae"
"104","111191044V6U","Everyday Lounge Classic Pant",8100,4.90999905758176,521,4.7244094488189,"vs_uae"
"105","1112141954A2","Push-Up Bra",5640,13.4831460674157,312,4.94791666666667,"vs_uae"
"106","11130169","Cloud Wash Foaming Gel Cleanser",7750,0,0,4300,"vs_uae"
"107","11140708","Fashion Show Fragrance Mist",15400,293.023255813953,126,3.50877192982456,"vs_uae"
"108","11141515","Shimmer Body Mist",9135,126.666666666667,19,32.5626204238921,"vs_uae"
"109","11142708","Signature Stripe 4-in-1 Beauty Bag Set",9675,533.333333333333,96,15.7303370786517,"vs_uae"
"110","11144987","TEASE REBEL MEDIUM BOX",5950,42.8571428571429,9,6.37755102040816,"vs_uae"
"111","1115030895D1","Stretch Cotton Lace-waist Hiphugger Panty",4350,7.81435545586489,2369,4.50778919456414,"vs_uae"
"112","11150592","Total Remix Fragrance Lotion",5100,14.9006622516556,90,29.4765840220386,"vs_uae"
"113","11150594","Wonder Garden Fragrance Lotion",5650,19.434628975265,55,33.3333333333333,"vs_uae"
"114","1115286354A2","Demi Bra in Lace Back",5535,24.1161616161616,382,3.75782881002088,"vs_uae"
"115","11156534","Bombshell Intense Travel Fragrance Mist",8100,675,54,16.8564920273349,"vs_uae"
"116","111571553Z2P","Everyday Lounge Perfect Full-Zip",4350,2.27799227799228,177,5.3072625698324,"vs_uae"
"117","11157967","Knockout Maximum Support Front-Close Sport Bra",6870,0,0,0,"vs_uae"
"118","1116073954A2","Stretch Cotton Hiphugger Panty",7440,6.37159245461534,2155,6.68249660786974,"vs_uae"
"119","111710523XZR","Everyday Lounge Notch Neck Campus Pullover",4275,8.4083152342538,271,4.77453580901857,"vs_uae"
"120","111710524V6U","Everyday Lounge Notch Neck Campus Pullover",4950,15.5436447166922,203,6.83229813664596,"vs_uae"
"121","1117107539H6","Lace Push-up Bra",4375,16.8058173983302,624,3.08788598574822,"vs_uae"
"122","11171284","Satin Long PJ Set",4420,34.3434343434343,170,3.81679389312977,"vs_uae"
"123","SX23445589","Bombshell Fragrance Mist",9620,5.22111825443211,804,1.95681511470985,"vs_uae"
"124","SX23745841","Very Sexy Eau de Parfum (100ml)",5600,6.44743656136717,249,4.67836257309941,"vs_uae"
"125","SX23745844","Very Sexy Fragrance Mist",4680,13.8233397807866,1072,0.84911822338341,"vs_uae"
"126","SX23893508","Holiday Shimmer Fragrance Mist",6120,14.9233844103931,448,7.88643533123028,"vs_uae"
"127","SX23893509","Holiday Shimmer Fragrance Mist",7380,20.7681365576102,584,5.88235294117647,"vs_uae"
"128","SX23893510","Holiday Shimmer Fragrance Mist",4410,14.3438077634011,388,5.80762250453721,"vs_uae"
"129","SX23898322","Fragrance Mist",21870,15.4688463911166,1003,8.12581913499345,"vs_uae"
"130","SX23898323","Fragrance Mist",21870,9.14791373652133,1561,5.48504079782412,"vs_uae"
"131","SX23898324","Fragrance Mist",4500,9.16319575918213,484,3.66748166259169,"vs_uae"
"132","SX23898325","Fragrance Mist",15840,8.51854781301906,1077,5.97014925373134,"vs_uae"
"133","SX23898328","Fragrance Mist",5220,4.29133185159856,502,5.44323483670296,"vs_uae"
"134","SX23898329","Fragrance Mist",13410,6.19024856596558,777,8.32507433102081,"vs_uae"
"135","SX23973242","Coco Sleep Lavender Body Lotion",4825,16.1425902864259,1037,8.83895131086142,"vs_uae"
"136","SX23981778","Fragrance Mist",12150,18.6907838070629,651,7.94183445190157,"vs_uae"
"137","SX23981779","Fragrance Mist",29675,32.0742956868611,2573,8.29480554800109,"vs_uae"
"138","SX23981781","Fragrance Lotion",8550,29.2183443899625,1013,10.4536489151874,"vs_uae"
"139","SX23985122","Tease Rebel Eau de Parfum",4375,14.8272957034541,528,4.27098674521355,"vs_uae"
"140","SX23996722","Fragrance Mist",8640,20.9747606614447,482,9.55223880597015,"vs_uae"
"141","SX23996724","Fragrance Mist",4500,15.4744525547445,318,9.11270983213429,"vs_uae"
"142","SX24320981","MIST",19900,14.5737986270023,1019,9.01348474095103,"vs_uae"
"143","SX24415846","Very Sexy Night Fragrance Mist",6760,8.7103308575287,258,5.86666666666667,"vs_uae"
"144","SX24415847","Very Sexy Night Travel Fragrance Mist",5800,27.2968197879859,309,10.4166666666667,"vs_uae"
"145","SX24453539","Total Remix Fragrance Mist",35925,13.7125362552369,851,10.4247104247104,"vs_uae"
"146","SX24453540","Total Remix Fragrance Mist",21725,10.5945545471384,572,10.1210121012101,"vs_uae"
"147","SX24453541","Total Remix Fragrance Mist",20940,18.1498641955584,1136,7.81163434903047,"vs_uae"
"148","SX24453542","Total Remix Fragrance Mist",22275,16.5432544699296,916,9.19698009608785,"vs_uae"
"149","SX24453547","Wonder Garden Fragrance Mist",21925,20.8751892115041,1517,7.5981426762347,"vs_uae"
"150","0688728023","7-pack cotton hipster briefs",3026,8.07174887892377,180,5.02283105022831,"hm_uae"
"151","0713922023","3-pack printed T-shirts",3564,5.65749235474006,185,10.6508875739645,"hm_uae"
"152","0718777001","Sturdy jute rug",2694,3.53562005277045,134,2.27272727272727,"hm_uae"
"153","0767278015","Sweatshirt and joggers",2673,2.45231607629428,153,10.8333333333333,"hm_uae"
"154","0770483001","Large short-pile rug",5397,3.75656167979003,229,0.847457627118644,"hm_uae"
"155","0783346018","Ankle-length trousers",2720,1.86603810646238,190,10.2739726027397,"hm_uae"
"156","0785904077","Printed pyjamas",3315,4.11385368023126,185,5.18207282913165,"hm_uae"
"157","0808685001","Sandals",3753,3.43440594059406,222,5.67226890756303,"hm_uae"
"158","0816563001","Wide trousers",2890,1.87028415475999,233,4.81481481481481,"hm_uae"
"159","0817361007","Lyocell-blend dress",2702,2.36336779911374,176,5.9016393442623,"hm_uae"
"160","0817361008","Lyocell-blend dress",3336,2.19824954203135,108,5.92592592592593,"hm_uae"
"161","0837306006","Paper bag trousers",2970,3.10618829761618,129,7.83289817232376,"hm_uae"
"162","0844079001","Round tray table",6286,3.90857337071969,460,1.71990171990172,"hm_uae"
"163","0849703001","Textured cotton rug",4396,1.75171363290175,115,2.28571428571429,"hm_uae"
"164","0852369005","Chiffon dress",5694,20.918984280532,173,1.79985601151908,"hm_uae"
"165","0852374003","Calf-length dress",2692,5.1582541293716,559,3.06021717670286,"hm_uae"
"166","0857171002","Mules",4554,4.26859300607454,260,3.23715693173821,"hm_uae"
"167","0857279001","Embroidered cotton kaftan",3942,11.6935483870968,203,5.94059405940594,"hm_uae"
"168","0859139001","Linen shirt",3892,2.39958268127282,184,7.88732394366197,"hm_uae"
"169","0865026002","Rattan hanging rack",2786,1.56731413261889,117,3.24189526184539,"hm_uae"
"170","0865533001","Lyocell kaftan",4160,4.2701646664806,459,3.67892976588629,"hm_uae"
"171","0866608001","Glass-top coffee table",3897,1.46696252465483,119,1.33333333333333,"hm_uae"
"172","0870293001","Chiffon crêpe blouse",3060,6.12625686741992,591,2.23325062034739,"hm_uae"
"173","0875803001","Broderie anglaise skirt",4109,2.73648398787072,370,1.92483959670027,"hm_uae"
"174","0876355005","Broderie anglaise dress",2793,0.698856416772554,66,5.60747663551402,"hm_uae"
"175","0876355006","Broderie anglaise dress",2793,1.51630664972469,179,1.81159420289855,"hm_uae"
"176","0877014001","Flounce-trimmed dress",2668,2.2719204827831,128,6.76691729323308,"hm_uae"
"177","0877319001","Rattan-door cabinet",8994,4.16666666666667,146,2.76497695852535,"hm_uae"
"178","0877319002","Rattan-door cabinet",10493,5.66929133858268,216,1.37931034482759,"hm_uae"
"179","0878013001","Button-front dress",3491,2.46309307649799,312,2.98701298701299,"hm_uae"
"180","0878013003","Button-front dress",4732,2.04809510942988,379,4.43037974683544,"hm_uae"
"181","0878462001","Broderie anglaise skirt",3259,1.80167195157106,250,3.29896907216495,"hm_uae"
"182","0881031001","Seamless cycling shorts",2890,3.48605577689243,175,9.27536231884058,"hm_uae"
"183","0881404001","Sleeveless dress",3781,3.1320313203132,348,3.37477797513321,"hm_uae"
"184","0889664001","Sandals",2919,4.78018143754361,137,1.24629080118694,"hm_uae"
"185","0889664002","Sandals",2919,5.02258836035078,378,2.99572039942939,"hm_uae"
"186","0889665001","Mules",5239,4.85727803185617,308,3.13765182186235,"hm_uae"
"187","0904235001","Bow-detail wrap dress",9146,4.76260617665832,970,2.29419703103914,"hm_uae"
"188","0904236001","Long tulle dress",12913,6.50840925017519,1486,1.4162077104642,"hm_uae"
"189","0904237001","Tulle-skirt lace dress",14950,5.54318618042226,722,4.52079566003617,"hm_uae"
"190","0904238001","Long jacquard-weave dress",5980,7.85613823588507,782,1.55228758169935,"hm_uae"
"191","0904241001","Embroidered organza skirt",4599,6.9757785467128,504,2.6615969581749,"hm_uae"
"192","0904242001","Tulle-flounced skirt",4573,6.27208480565371,355,2.92598967297762,"hm_uae"
"193","0904243001","Embroidered organza blouse",7221,6.4499322705012,619,3.05584826132771,"hm_uae"
"194","0904244001","Flounced tulle blouse",9639,7.26357177347037,1053,4.74794841735053,"hm_uae"
"195","0904247001","Printed T-shirt",6460,12.1095817893065,915,4.80905233380481,"hm_uae"
"196","0911545001","Single-breasted jacket",5111,4.93486973947896,591,2.18140068886338,"hm_uae"
"197","0913120001","3-pack wrapover bodysuits",2755,4.8134601316752,329,6.00858369098712,"hm_uae"
"198","0915453002","Balloon-sleeved dress",2673,3.00447782753142,416,3.04740406320542,"hm_uae"
"199","0931830001","2-piece appliquéd set",2755,3.98909811694747,322,5.89473684210526,"hm_uae"
"200","KA038","My First Sleeveless Bodysuits - 3 Pack",8700,1.97770412774932,1641,3.87931034482759,"mc_ksa"
"201","M-KD790 777 777","mothercare marlow cot bed - cream",10725,3.32215198038963,515,1.19565217391304,"mc_ksa"
"202","M-NF252 777 777777","mothercare ziba plus baby car seat - nova black",9000,8.49260172626387,551,1.75267770204479,"mc_ksa"
"203","M0MED030-0048","Medela Swing Single Breast Pump",11270,6.28415300546448,184,4.38871473354232,"mc_ksa"
"204","QKBZ10101-02-A","BABYZEN YOYO+ Frame Black",32320,4.25906370996128,242,3.39702760084926,"mc_ksa"
"205","RA063","wrap nursing sleep bra - 2 pack",11285,4.45351557125166,1942,3.51005484460695,"mc_ksa"
"206","RA611","dark-wash rib waist jeans",14592.5,3.08170374475497,3114,10.0884532632082,"mc_ksa"
"207","RA613","Dark-Wash Jeans",13747.5,2.969505970083,3345,8.89132821075741,"mc_ksa"
"208","SB674","grey crochet frill leggings",8787.5,3.8473592498339,3069,16.4233576642336,"mc_ksa"
"209","SE162","black crochet frill leggings",11362.5,4.94634870968252,3130,18.6791522917693,"mc_ksa"
"210","SE163","white crochet frill leggings",9900,3.05680816876587,2359,17.3540085780271,"mc_ksa"
"211","VB283","Pale Blue T-Shirt",8750,3.53124057446463,3044,13.2578016298947,"mc_ksa"
"212","VB375","Red Jersey Shorts",11380,2.42119067649824,3914,9.22249793217535,"mc_ksa"
"213","VB376","Beige jersey shorts",16900,4.44020179826573,4163,12.495164410058,"mc_ksa"
"214","VB377","Black jersey shorts",16650,4.1742929680581,3535,14.2535464985364,"mc_ksa"
"215","VB378","blue jersey shorts",12645,2.90407199067952,4063,8.72290883037793,"mc_ksa"
"216","VB379","Navy Jersey Shorts",15710,3.94738437291629,3256,14.6037181996086,"mc_ksa"
"217","VB380","Grey jersey shorts",14745,3.44632616246197,3840,11.7805942239767,"mc_ksa"
"218","VB403","Denim Shorts - Light-Wash",21710,4.94728382541475,5171,9.79116222760291,"mc_ksa"
"219","VB404","Denim Shorts - Mid-Wash",14592.5,4.52120868208257,3187,10.9049887189772,"mc_ksa"
"220","VB407","grey legend joggers",27150,8.39844554605001,6116,12.1965730604474,"mc_ksa"
"221","VB409","navy legend joggers",19400,8.93690235913046,5402,9.56725755995829,"mc_ksa"
"222","VB413","blue star joggers",11800,4.84267055267703,3589,7.99857803057234,"mc_ksa"
"223","VB487","Light-Wash Denim Jeans",14462.5,3.74047694180228,3319,9.76712638480669,"mc_ksa"
"224","VB488","Jeans - Light-Wash",20995,5.28325537668729,4552,10.1516150296638,"mc_ksa"
"225","VB510","Yellow Polo Shirt",13780,5.08460189010243,3594,13.9866177422836,"mc_ksa"
"226","VB513","Orange Mc Polo Shirt",9800,3.88596513107026,3116,11.8704125537839,"mc_ksa"
"227","VB514","Navy Mc Polo Shirt",15500,5.8023595740238,4446,13.2308242445915,"mc_ksa"
"228","VB515","White Mc Polo Shirt",14120,5.35440500058969,4540,11.5807560137457,"mc_ksa"
"229","VB516","Red Mc Polo Shirt",9720,3.86601535240754,2493,13.4648370497427,"mc_ksa"
"230","VB517","Grey Polo Shirt",9720,4.01266695010922,2737,12.3716909778498,"mc_ksa"
"231","VB788","Grey Go-Girl Print Dress",12250,5.90786814770957,4590,7.13612071675574,"mc_ksa"
"232","VC010","mid-wash jeggings",23465,5.29587715549919,3842,12.0592383638928,"mc_ksa"
"233","VC011","grey jeggings",13552.5,3.04240785884965,2521,12.3995052566481,"mc_ksa"
"234","VC012","Black Jeggings",15925,3.99113082039911,3114,11.1423879896786,"mc_ksa"
"235","VC013","white jeggings",11927.5,1.85217843065293,3886,6.53377630121816,"mc_ksa"
"236","VC014","light-wash jeggings",22685,5.63083273510409,5020,9.72980953787096,"mc_ksa"
"237","VC276","Navy Polka Dot Frill Empire-Waist Dress",16625,7.54204946996466,5336,7.71562065917414,"mc_ksa"
"238","VC277","Pink Cherry Drop-Waist Dress",13125,4.48131080389145,4376,7.90127546794766,"mc_ksa"
"239","VC280","Yellow Unicorn Empress Dress",12675,5.01211224730422,4676,6.860801951517,"mc_ksa"
"240","VC282","Ditsy Floral Dress",13275,5.81605822726926,6105,6.16524359618282,"mc_ksa"
"241","VC325","Grey Bunny Sweat Top And Coral Zip-Through Hoodie Set",8880,4.98384027547044,1650,4.67415730337079,"mc_ksa"
"242","VC543","Sunshine And Surf T-Shirt And Shorts Set",24992.5,11.7416029128994,5740,7.16563683476181,"mc_ksa"
"243","VD452","white t-shirt",9247.5,3.39396978391881,3655,14.7674674895305,"mc_ksa"
"244","VD466","red original jog set",9010,4.4250599347217,1532,3.60576923076923,"mc_ksa"
"245","VD992","Dark-Wash Jeggings",14852.5,4.9614477026438,3301,9.82142857142857,"mc_ksa"
"246","VE149","Denim Shorts - Dark-Wash",8240,3.07626795101465,2095,9.42448821938973,"mc_ksa"
"247","VF969","Mothercare Pink Tiered Dress",9325,7.82537214746511,4379,6.53606737458806,"mc_ksa"
"248","VG146","green shorts",8650,1.94206760153278,2828,8.22457522777641,"mc_ksa"
"249","VG296","ocean vibes t-shirt and shorts set",15015,7.87338451073754,3241,8.23391355368668,"mc_ksa"
